scenario,description,selection_focus,priority,pipeline,sampler,logistic,threshold_key,cv_signature,soft_voting,threshold,test_auc,test_pr_auc,precision,recall,f1,cv_mean,cv_std,cv_mean_minus_std,auc_delta,leaderboard_score,production_score,artifact_base
lr_59_full_stack_balanced_l2_max_f1_kfold_5,Full-stack (advanced + quantile + bins + selector) + SMOTE -> SMOTETomek | L2 + class_weight balanced (C=0.5) | threshold=Maximise F1 | Stratified KFold (5) | vote=median,validation_consistency,6.7,full_stack,smote_tomek,balanced_l2,max_f1,kfold_5,median,0.645,0.8511,0.6474,0.6327,0.5849,0.6078,0.762,0.0614,0.7006,-0.02860000000000007,0.7781099999999999,0.6086,artifacts\lr_59_full_stack_balanced_l2_max_f1_kfold_5
lr_52_quantile_bins_saga_l1_recall_guard_kfold_5,"Quantile-normalised numerics + bin stacking + ADASYN -> BorderlineSMOTE | L1 sparse (saga, C=2.0) | threshold=Recall floor 0.72 | Stratified KFold (5) | vote=median",production_precision_recall,6.7,quantile_bins,adasyn_border,saga_l1,recall_guard,kfold_5,median,0.425,0.8856,0.6513,0.3729,0.8302,0.5146,0.7962,0.0453,0.7509,0.005900000000000016,0.7743,0.58416,artifacts\lr_52_quantile_bins_saga_l1_recall_guard_kfold_5
lr_44_full_stack_mid_l2_max_f1_kfold_5,Full-stack (advanced + quantile + bins + selector) + SMOTE -> SMOTETomek | L2 mid-C (C=1.5) | threshold=Maximise F1 | Stratified KFold (5) | vote=median,holdout_auc,6.8,full_stack,smote_tomek,mid_l2,max_f1,kfold_5,median,0.575,0.8494,0.6445,0.5593,0.6226,0.5893,0.7574,0.0661,0.6913,-0.030299999999999994,0.77137,0.5906200000000001,artifacts\lr_44_full_stack_mid_l2_max_f1_kfold_5
lr_28_full_stack_mid_l2_max_f1_kfold_5,Full-stack (advanced + quantile + bins + selector) + ADASYN -> BorderlineSMOTE | L2 mid-C (C=1.5) | threshold=Maximise F1 | Stratified KFold (5) | vote=median,holdout_auc,6.9,full_stack,adasyn_border,mid_l2,max_f1,kfold_5,median,0.655,0.8499,0.6377,0.5769,0.566,0.5714,0.7678,0.0632,0.7047,-0.02980000000000005,0.76635,0.5714400000000001,artifacts\lr_28_full_stack_mid_l2_max_f1_kfold_5
lr_31_full_stack_high_l2_max_f1_kfold_5,Full-stack (advanced + quantile + bins + selector) + SMOTE -> SMOTETomek | L2 high-C (C=8.0) | threshold=Maximise F1 | Stratified KFold (5) | vote=median,holdout_auc,6.9,full_stack,smote_tomek,high_l2,max_f1,kfold_5,median,0.625,0.8428,0.6382,0.6304,0.5472,0.5859,0.7565,0.0652,0.6913,-0.036900000000000044,0.7657299999999999,0.58822,artifacts\lr_31_full_stack_high_l2_max_f1_kfold_5
lr_42_full_stack_high_l2_max_f1_kfold_5,Full-stack (advanced + quantile + bins + selector) + ADASYN -> BorderlineSMOTE | L2 high-C (C=8.0) | threshold=Maximise F1 | Stratified KFold (5) | vote=mean,holdout_auc,6.8,full_stack,adasyn_border,high_l2,max_f1,kfold_5,mean,0.655,0.8476,0.6347,0.6042,0.5472,0.5743,0.7631,0.0596,0.7035,-0.03210000000000002,0.7656099999999999,0.57542,artifacts\lr_42_full_stack_high_l2_max_f1_kfold_5
lr_13_full_stack_high_l2_max_f1_kfold_5,Full-stack (advanced + quantile + bins + selector) + ADASYN -> BorderlineSMOTE | L2 high-C (C=8.0) | threshold=Maximise F1 | Stratified KFold (5) | vote=median,holdout_auc,7.0,full_stack,adasyn_border,high_l2,max_f1,kfold_5,median,0.655,0.8476,0.6347,0.6042,0.5472,0.5743,0.7631,0.0596,0.7035,-0.03210000000000002,0.7656099999999999,0.57542,artifacts\lr_13_full_stack_high_l2_max_f1_kfold_5
lr_56_advanced_poly_high_l2_max_f1_kfold_5,Advanced interactions + degree-2 poly + ADASYN -> BorderlineSMOTE | L2 high-C (C=8.0) | threshold=Maximise F1 | Stratified KFold (5) | vote=median,holdout_auc,6.7,advanced_poly,adasyn_border,high_l2,max_f1,kfold_5,median,0.56,0.8392,0.5949,0.5345,0.5849,0.5586,0.7432,0.0579,0.6853,-0.04050000000000009,0.7550199999999999,0.55948,artifacts\lr_56_advanced_poly_high_l2_max_f1_kfold_5
lr_41_full_stack_balanced_l2_max_f1_kfold_5,Full-stack (advanced + quantile + bins + selector) + ADASYN -> BorderlineSMOTE | L2 + class_weight balanced (C=0.5) | threshold=Maximise F1 | Stratified KFold (5) | vote=median,validation_consistency,6.8,full_stack,adasyn_border,balanced_l2,max_f1,kfold_5,median,0.725,0.8551,0.6433,0.6,0.4528,0.5161,0.7761,0.061,0.715,-0.024600000000000066,0.7534,0.52434,artifacts\lr_41_full_stack_balanced_l2_max_f1_kfold_5
lr_51_quantile_bins_saga_l1_max_f1_kfold_5,"Quantile-normalised numerics + bin stacking + SMOTE -> SMOTEENN cleanup | L1 sparse (saga, C=2.0) | threshold=Maximise F1 | Stratified KFold (5) | vote=median",holdout_auc,6.7,quantile_bins,smote_clean,saga_l1,max_f1,kfold_5,median,0.935,0.8483,0.5645,0.54,0.5094,0.5243,0.7667,0.0324,0.7344,-0.031399999999999983,0.7510999999999999,0.5246200000000001,artifacts\lr_51_quantile_bins_saga_l1_max_f1_kfold_5
lr_19_full_stack_saga_l1_max_f1_kfold_5,"Full-stack (advanced + quantile + bins + selector) + SMOTE -> SMOTETomek | L1 sparse (saga, C=2.0) | threshold=Maximise F1 | Stratified KFold (5) | vote=median",holdout_auc,7.0,full_stack,smote_tomek,saga_l1,max_f1,kfold_5,median,0.525,0.8266,0.5532,0.4524,0.717,0.5547,0.7342,0.0754,0.6588,-0.053100000000000036,0.7450299999999999,0.5787,artifacts\lr_19_full_stack_saga_l1_max_f1_kfold_5
lr_49_full_stack_saga_l1_max_f1_kfold_5,"Full-stack (advanced + quantile + bins + selector) + SMOTE -> SMOTETomek | L1 sparse (saga, C=2.0) | threshold=Maximise F1 | Stratified KFold (5) | vote=mean",holdout_auc,6.8,full_stack,smote_tomek,saga_l1,max_f1,kfold_5,mean,0.575,0.8266,0.5564,0.5,0.6038,0.547,0.7346,0.0759,0.6587,-0.053100000000000036,0.7427199999999999,0.5509200000000001,artifacts\lr_49_full_stack_saga_l1_max_f1_kfold_5
lr_33_quantile_bins_saga_l1_recall_guard_kfold_5,"Quantile-normalised numerics + bin stacking + SMOTE -> SMOTEENN cleanup | L1 sparse (saga, C=2.0) | threshold=Recall floor 0.72 | Stratified KFold (5) | vote=median",production_precision_recall,6.8,quantile_bins,smote_clean,saga_l1,recall_guard,kfold_5,median,0.625,0.8483,0.5645,0.3438,0.8302,0.4862,0.7667,0.0324,0.7344,-0.031399999999999983,0.7396699999999999,0.56684,artifacts\lr_33_quantile_bins_saga_l1_recall_guard_kfold_5
lr_50_quantile_bins_high_l2_recall_guard_kfold_5,Quantile-normalised numerics + bin stacking + SMOTE -> SMOTEENN cleanup | L2 high-C (C=8.0) | threshold=Recall floor 0.72 | Stratified KFold (5) | vote=median,production_precision_recall,6.7,quantile_bins,smote_clean,high_l2,recall_guard,kfold_5,median,0.63,0.847,0.5623,0.3496,0.8113,0.4886,0.7645,0.0321,0.7324,-0.03270000000000006,0.7394799999999999,0.56208,artifacts\lr_50_quantile_bins_high_l2_recall_guard_kfold_5
lr_08_full_stack_saga_l1_max_f1_kfold_5,"Full-stack (advanced + quantile + bins + selector) + ADASYN -> BorderlineSMOTE | L1 sparse (saga, C=2.0) | threshold=Maximise F1 | Stratified KFold (5) | vote=median",holdout_auc,7.1,full_stack,adasyn_border,saga_l1,max_f1,kfold_5,median,0.585,0.8221,0.5318,0.5085,0.566,0.5357,0.7472,0.0699,0.6773,-0.057599999999999985,0.7361800000000001,0.53694,artifacts\lr_08_full_stack_saga_l1_max_f1_kfold_5
lr_43_full_stack_balanced_l2_recall_guard_kfold_5,Full-stack (advanced + quantile + bins + selector) + SMOTE -> SMOTETomek | L2 + class_weight balanced (C=0.5) | threshold=Recall floor 0.72 | Stratified KFold (5) | vote=median,production_precision_recall,6.8,full_stack,smote_tomek,balanced_l2,recall_guard,kfold_5,median,0.28,0.8494,0.6439,0.3233,0.8113,0.4624,0.7639,0.0631,0.7008,-0.030299999999999994,0.7333,0.54632,artifacts\lr_43_full_stack_balanced_l2_recall_guard_kfold_5
lr_27_full_stack_balanced_l2_recall_guard_kfold_5,Full-stack (advanced + quantile + bins + selector) + ADASYN -> BorderlineSMOTE | L2 + class_weight balanced (C=0.5) | threshold=Recall floor 0.72 | Stratified KFold (5) | vote=median,production_precision_recall,6.9,full_stack,adasyn_border,balanced_l2,recall_guard,kfold_5,median,0.28,0.8551,0.6433,0.302,0.8491,0.4455,0.7761,0.061,0.715,-0.024600000000000066,0.7322199999999999,0.54954,artifacts\lr_27_full_stack_balanced_l2_recall_guard_kfold_5
lr_30_full_stack_mid_l2_recall_guard_kfold_5,Full-stack (advanced + quantile + bins + selector) + SMOTE -> SMOTETomek | L2 mid-C (C=1.5) | threshold=Recall floor 0.72 | Stratified KFold (5) | vote=median,production_precision_recall,6.9,full_stack,smote_tomek,mid_l2,recall_guard,kfold_5,median,0.265,0.8465,0.6401,0.3212,0.8302,0.4632,0.7589,0.0674,0.6915,-0.03320000000000001,0.73151,0.5532000000000001,artifacts\lr_30_full_stack_mid_l2_recall_guard_kfold_5
lr_18_full_stack_high_l2_recall_guard_kfold_5,Full-stack (advanced + quantile + bins + selector) + SMOTE -> SMOTETomek | L2 high-C (C=8.0) | threshold=Recall floor 0.72 | Stratified KFold (5) | vote=median,production_precision_recall,7.0,full_stack,smote_tomek,high_l2,recall_guard,kfold_5,median,0.27,0.8456,0.6441,0.3212,0.8302,0.4632,0.7551,0.0641,0.6911,-0.03410000000000002,0.73088,0.5532000000000001,artifacts\lr_18_full_stack_high_l2_recall_guard_kfold_5
lr_48_full_stack_high_l2_recall_guard_kfold_5,Full-stack (advanced + quantile + bins + selector) + SMOTE -> SMOTETomek | L2 high-C (C=8.0) | threshold=Recall floor 0.72 | Stratified KFold (5) | vote=mean,production_precision_recall,6.8,full_stack,smote_tomek,high_l2,recall_guard,kfold_5,mean,0.27,0.8456,0.6441,0.3212,0.8302,0.4632,0.7551,0.0641,0.6911,-0.03410000000000002,0.73088,0.5532000000000001,artifacts\lr_48_full_stack_high_l2_recall_guard_kfold_5
lr_29_full_stack_saga_l1_max_f1_kfold_5,"Full-stack (advanced + quantile + bins + selector) + ADASYN -> BorderlineSMOTE | L1 sparse (saga, C=2.0) | threshold=Maximise F1 | Stratified KFold (5) | vote=mean",holdout_auc,6.9,full_stack,adasyn_border,saga_l1,max_f1,kfold_5,mean,0.575,0.8209,0.5289,0.4762,0.566,0.5172,0.7448,0.0675,0.6774,-0.058800000000000074,0.7297899999999999,0.52032,artifacts\lr_29_full_stack_saga_l1_max_f1_kfold_5
lr_32_full_stack_saga_l1_recall_guard_kfold_5,"Full-stack (advanced + quantile + bins + selector) + SMOTE -> SMOTETomek | L1 sparse (saga, C=2.0) | threshold=Recall floor 0.72 | Stratified KFold (5) | vote=mean",production_precision_recall,6.9,full_stack,smote_tomek,saga_l1,recall_guard,kfold_5,mean,0.495,0.8266,0.5532,0.3824,0.7358,0.5032,0.7342,0.0754,0.6588,-0.053100000000000036,0.7295799999999999,0.54792,artifacts\lr_32_full_stack_saga_l1_recall_guard_kfold_5
lr_47_full_stack_mid_l2_recall_guard_kfold_5,Full-stack (advanced + quantile + bins + selector) + ADASYN -> BorderlineSMOTE | L2 mid-C (C=1.5) | threshold=Recall floor 0.72 | Stratified KFold (5) | vote=mean,production_precision_recall,6.8,full_stack,adasyn_border,mid_l2,recall_guard,kfold_5,mean,0.29,0.8499,0.6377,0.3111,0.7925,0.4468,0.7678,0.0632,0.7047,-0.02980000000000005,0.7289699999999999,0.5307999999999999,artifacts\lr_47_full_stack_mid_l2_recall_guard_kfold_5
lr_17_full_stack_mid_l2_recall_guard_kfold_5,Full-stack (advanced + quantile + bins + selector) + ADASYN -> BorderlineSMOTE | L2 mid-C (C=1.5) | threshold=Recall floor 0.72 | Stratified KFold (5) | vote=median,production_precision_recall,7.0,full_stack,adasyn_border,mid_l2,recall_guard,kfold_5,median,0.29,0.8499,0.6377,0.3111,0.7925,0.4468,0.7678,0.0632,0.7047,-0.02980000000000005,0.7289699999999999,0.5307999999999999,artifacts\lr_17_full_stack_mid_l2_recall_guard_kfold_5
lr_09_full_stack_saga_l1_recall_guard_kfold_5,"Full-stack (advanced + quantile + bins + selector) + SMOTE -> SMOTETomek | L1 sparse (saga, C=2.0) | threshold=Recall floor 0.72 | Stratified KFold (5) | vote=median",production_precision_recall,7.1,full_stack,smote_tomek,saga_l1,recall_guard,kfold_5,median,0.49,0.8266,0.5564,0.3786,0.7358,0.5,0.7346,0.0759,0.6587,-0.053100000000000036,0.7286199999999999,0.54576,artifacts\lr_09_full_stack_saga_l1_recall_guard_kfold_5
lr_05_full_stack_high_l2_recall_guard_kfold_5,Full-stack (advanced + quantile + bins + selector) + ADASYN -> BorderlineSMOTE | L2 high-C (C=8.0) | threshold=Recall floor 0.72 | Stratified KFold (5) | vote=median,production_precision_recall,7.1,full_stack,adasyn_border,high_l2,recall_guard,kfold_5,median,0.3,0.8476,0.6347,0.313,0.7736,0.4457,0.7631,0.0596,0.7035,-0.03210000000000002,0.72703,0.52378,artifacts\lr_05_full_stack_high_l2_recall_guard_kfold_5
lr_36_advanced_poly_high_l2_recall_guard_kfold_5,Advanced interactions + degree-2 poly + ADASYN -> BorderlineSMOTE | L2 high-C (C=8.0) | threshold=Recall floor 0.72 | Stratified KFold (5) | vote=median,production_precision_recall,6.8,advanced_poly,adasyn_border,high_l2,recall_guard,kfold_5,median,0.23,0.8392,0.5949,0.3169,0.8491,0.4615,0.7432,0.0579,0.6853,-0.04050000000000009,0.7258899999999999,0.5587000000000001,artifacts\lr_36_advanced_poly_high_l2_recall_guard_kfold_5
lr_21_full_stack_high_l2_recall_guard_kfold_5,Full-stack (advanced + quantile + bins + selector) + ADASYN -> BorderlineSMOTE | L2 high-C (C=8.0) | threshold=Recall floor 0.72 | Stratified KFold (5) | vote=mean,production_precision_recall,6.9,full_stack,adasyn_border,high_l2,recall_guard,kfold_5,mean,0.29,0.8486,0.6399,0.306,0.7736,0.4385,0.7663,0.0618,0.7045,-0.031100000000000017,0.72557,0.51954,artifacts\lr_21_full_stack_high_l2_recall_guard_kfold_5
lr_55_advanced_poly_mid_l2_recall_guard_kfold_5,Advanced interactions + degree-2 poly + ADASYN -> BorderlineSMOTE | L2 mid-C (C=1.5) | threshold=Recall floor 0.72 | Stratified KFold (5) | vote=median,production_precision_recall,6.7,advanced_poly,adasyn_border,mid_l2,recall_guard,kfold_5,median,0.25,0.8384,0.5917,0.3121,0.8302,0.4536,0.7463,0.0547,0.6916,-0.0413,0.7229599999999999,0.54764,artifacts\lr_55_advanced_poly_mid_l2_recall_guard_kfold_5
lr_03_full_stack_saga_l1_recall_guard_kfold_5,"Full-stack (advanced + quantile + bins + selector) + ADASYN -> BorderlineSMOTE | L1 sparse (saga, C=2.0) | threshold=Recall floor 0.72 | Stratified KFold (5) | vote=median",production_precision_recall,7.2,full_stack,adasyn_border,saga_l1,recall_guard,kfold_5,median,0.48,0.8209,0.5289,0.3504,0.7736,0.4824,0.7448,0.0675,0.6774,-0.058800000000000074,0.7193499999999999,0.54608,artifacts\lr_03_full_stack_saga_l1_recall_guard_kfold_5
lr_14_full_stack_saga_l1_recall_guard_kfold_5,"Full-stack (advanced + quantile + bins + selector) + ADASYN -> BorderlineSMOTE | L1 sparse (saga, C=2.0) | threshold=Recall floor 0.72 | Stratified KFold (5) | vote=mean",production_precision_recall,7.0,full_stack,adasyn_border,saga_l1,recall_guard,kfold_5,mean,0.48,0.8209,0.5289,0.3504,0.7736,0.4824,0.7448,0.0675,0.6774,-0.058800000000000074,0.7193499999999999,0.54608,artifacts\lr_14_full_stack_saga_l1_recall_guard_kfold_5
lr_57_advanced_poly_high_l2_recall_guard_kfold_5,Advanced interactions + degree-2 poly + SMOTE -> SMOTETomek | L2 high-C (C=8.0) | threshold=Recall floor 0.72 | Stratified KFold (5) | vote=median,production_precision_recall,6.7,advanced_poly,smote_tomek,high_l2,recall_guard,kfold_5,median,0.195,0.8305,0.5824,0.3034,0.8302,0.4444,0.7372,0.0511,0.6861,-0.04920000000000002,0.7146699999999999,0.5423200000000001,artifacts\lr_57_advanced_poly_high_l2_recall_guard_kfold_5
lr_16_full_stack_balanced_l2_recall_guard_kfold_5,Full-stack (advanced + quantile + bins + selector) + SMOTE -> SMOTEENN cleanup | L2 + class_weight balanced (C=0.5) | threshold=Recall floor 0.72 | Stratified KFold (5) | vote=median,production_precision_recall,7.0,full_stack,smote_clean,balanced_l2,recall_guard,kfold_5,median,0.425,0.8126,0.5401,0.35,0.7925,0.4855,0.7356,0.0554,0.6802,-0.06710000000000005,0.7144699999999999,0.5540999999999999,artifacts\lr_16_full_stack_balanced_l2_recall_guard_kfold_5
lr_46_full_stack_balanced_l2_recall_guard_kfold_5,Full-stack (advanced + quantile + bins + selector) + SMOTE -> SMOTEENN cleanup | L2 + class_weight balanced (C=0.5) | threshold=Recall floor 0.72 | Stratified KFold (5) | vote=mean,production_precision_recall,6.8,full_stack,smote_clean,balanced_l2,recall_guard,kfold_5,mean,0.425,0.8126,0.5401,0.35,0.7925,0.4855,0.7356,0.0554,0.6802,-0.06710000000000005,0.7144699999999999,0.5540999999999999,artifacts\lr_46_full_stack_balanced_l2_recall_guard_kfold_5
lr_39_full_stack_mid_l2_max_f1_kfold_5,Full-stack (advanced + quantile + bins + selector) + SMOTE -> SMOTEENN cleanup | L2 mid-C (C=1.5) | threshold=Maximise F1 | Stratified KFold (5) | vote=mean,holdout_auc,6.8,full_stack,smote_clean,mid_l2,max_f1,kfold_5,mean,0.84,0.8152,0.5413,0.5227,0.434,0.4742,0.7272,0.0527,0.6745,-0.0645,0.7129000000000001,0.47752000000000006,artifacts\lr_39_full_stack_mid_l2_max_f1_kfold_5
lr_01_full_stack_high_l2_recall_guard_kfold_5,Full-stack (advanced + quantile + bins + selector) + SMOTE -> SMOTEENN cleanup | L2 high-C (C=8.0) | threshold=Recall floor 0.72 | Stratified KFold (5) | vote=median,production_precision_recall,7.2,full_stack,smote_clean,high_l2,recall_guard,kfold_5,median,0.465,0.8054,0.5241,0.359,0.7925,0.4941,0.7221,0.0541,0.668,-0.07430000000000003,0.7120099999999999,0.55942,artifacts\lr_01_full_stack_high_l2_recall_guard_kfold_5
lr_11_full_stack_high_l2_recall_guard_kfold_5,Full-stack (advanced + quantile + bins + selector) + SMOTE -> SMOTEENN cleanup | L2 high-C (C=8.0) | threshold=Recall floor 0.72 | Stratified KFold (5) | vote=mean,production_precision_recall,7.0,full_stack,smote_clean,high_l2,recall_guard,kfold_5,mean,0.44,0.8097,0.5388,0.344,0.8113,0.4831,0.7211,0.0538,0.6672,-0.07000000000000006,0.7117199999999999,0.55874,artifacts\lr_11_full_stack_high_l2_recall_guard_kfold_5
lr_20_full_stack_mid_l2_recall_guard_kfold_5,Full-stack (advanced + quantile + bins + selector) + SMOTE -> SMOTEENN cleanup | L2 mid-C (C=1.5) | threshold=Recall floor 0.72 | Stratified KFold (5) | vote=mean,production_precision_recall,6.9,full_stack,smote_clean,mid_l2,recall_guard,kfold_5,mean,0.44,0.8103,0.5347,0.3415,0.7925,0.4773,0.728,0.0531,0.6749,-0.06940000000000002,0.7103999999999999,0.54906,artifacts\lr_20_full_stack_mid_l2_recall_guard_kfold_5
lr_04_full_stack_mid_l2_recall_guard_kfold_5,Full-stack (advanced + quantile + bins + selector) + SMOTE -> SMOTEENN cleanup | L2 mid-C (C=1.5) | threshold=Recall floor 0.72 | Stratified KFold (5) | vote=median,production_precision_recall,7.1,full_stack,smote_clean,mid_l2,recall_guard,kfold_5,median,0.44,0.8103,0.5347,0.3415,0.7925,0.4773,0.728,0.0531,0.6749,-0.06940000000000002,0.7103999999999999,0.54906,artifacts\lr_04_full_stack_mid_l2_recall_guard_kfold_5
lr_10_full_stack_mid_l2_max_f1_kfold_5,Full-stack (advanced + quantile + bins + selector) + SMOTE -> SMOTEENN cleanup | L2 mid-C (C=1.5) | threshold=Maximise F1 | Stratified KFold (5) | vote=median,holdout_auc,7.0,full_stack,smote_clean,mid_l2,max_f1,kfold_5,median,0.84,0.8103,0.5347,0.5238,0.4151,0.4632,0.728,0.0531,0.6749,-0.06940000000000002,0.70617,0.46820000000000006,artifacts\lr_10_full_stack_mid_l2_max_f1_kfold_5
lr_02_full_stack_saga_l1_max_f1_kfold_5,"Full-stack (advanced + quantile + bins + selector) + SMOTE -> SMOTEENN cleanup | L1 sparse (saga, C=2.0) | threshold=Maximise F1 | Stratified KFold (5) | vote=median",holdout_auc,7.2,full_stack,smote_clean,saga_l1,max_f1,kfold_5,median,0.6,0.7939,0.4717,0.3762,0.717,0.4935,0.7278,0.0533,0.6745,-0.08579999999999999,0.70378,0.53598,artifacts\lr_02_full_stack_saga_l1_max_f1_kfold_5
lr_12_full_stack_saga_l1_max_f1_kfold_5,"Full-stack (advanced + quantile + bins + selector) + SMOTE -> SMOTEENN cleanup | L1 sparse (saga, C=2.0) | threshold=Maximise F1 | Stratified KFold (5) | vote=mean",holdout_auc,7.0,full_stack,smote_clean,saga_l1,max_f1,kfold_5,mean,0.6,0.7939,0.4717,0.3762,0.717,0.4935,0.7278,0.0533,0.6745,-0.08579999999999999,0.70378,0.53598,artifacts\lr_12_full_stack_saga_l1_max_f1_kfold_5
lr_26_full_stack_high_l2_max_f1_kfold_5,Full-stack (advanced + quantile + bins + selector) + SMOTE -> SMOTEENN cleanup | L2 high-C (C=8.0) | threshold=Maximise F1 | Stratified KFold (5) | vote=mean,holdout_auc,6.9,full_stack,smote_clean,high_l2,max_f1,kfold_5,mean,0.88,0.8054,0.5241,0.525,0.3962,0.4516,0.7221,0.0541,0.668,-0.07430000000000003,0.69926,0.45880000000000004,artifacts\lr_26_full_stack_high_l2_max_f1_kfold_5
lr_06_full_stack_high_l2_max_f1_kfold_5,Full-stack (advanced + quantile + bins + selector) + SMOTE -> SMOTEENN cleanup | L2 high-C (C=8.0) | threshold=Maximise F1 | Stratified KFold (5) | vote=median,holdout_auc,7.1,full_stack,smote_clean,high_l2,max_f1,kfold_5,median,0.88,0.8054,0.5241,0.525,0.3962,0.4516,0.7221,0.0541,0.668,-0.07430000000000003,0.69926,0.45880000000000004,artifacts\lr_06_full_stack_high_l2_max_f1_kfold_5
lr_25_full_stack_balanced_l2_max_f1_kfold_5,Full-stack (advanced + quantile + bins + selector) + SMOTE -> SMOTEENN cleanup | L2 + class_weight balanced (C=0.5) | threshold=Maximise F1 | Stratified KFold (5) | vote=median,validation_consistency,6.9,full_stack,smote_clean,balanced_l2,max_f1,kfold_5,median,0.92,0.8126,0.5401,0.5517,0.3019,0.3902,0.7356,0.0554,0.6802,-0.06710000000000005,0.68588,0.41947999999999996,artifacts\lr_25_full_stack_balanced_l2_max_f1_kfold_5
lr_00_full_stack_saga_l1_recall_guard_kfold_5,"Full-stack (advanced + quantile + bins + selector) + SMOTE -> SMOTEENN cleanup | L1 sparse (saga, C=2.0) | threshold=Recall floor 0.72 | Stratified KFold (5) | vote=median",production_precision_recall,7.3,full_stack,smote_clean,saga_l1,recall_guard,kfold_5,median,0.52,0.7939,0.4717,0.2857,0.7925,0.42,0.7278,0.0533,0.6745,-0.08579999999999999,0.68173,0.51528,artifacts\lr_00_full_stack_saga_l1_recall_guard_kfold_5
lr_07_full_stack_saga_l1_recall_guard_kfold_5,"Full-stack (advanced + quantile + bins + selector) + SMOTE -> SMOTEENN cleanup | L1 sparse (saga, C=2.0) | threshold=Recall floor 0.72 | Stratified KFold (5) | vote=mean",production_precision_recall,7.1,full_stack,smote_clean,saga_l1,recall_guard,kfold_5,mean,0.52,0.7939,0.4717,0.2857,0.7925,0.42,0.7278,0.0533,0.6745,-0.08579999999999999,0.68173,0.51528,artifacts\lr_07_full_stack_saga_l1_recall_guard_kfold_5
lr_54_advanced_poly_mid_l2_max_f1_kfold_5,Advanced interactions + degree-2 poly + SMOTE -> SMOTEENN cleanup | L2 mid-C (C=1.5) | threshold=Maximise F1 | Stratified KFold (5) | vote=median,holdout_auc,6.7,advanced_poly,smote_clean,mid_l2,max_f1,kfold_5,median,0.505,0.7813,0.483,0.3303,0.6792,0.4444,0.7236,0.0451,0.6785,-0.09840000000000004,0.68023,0.49268000000000006,artifacts\lr_54_advanced_poly_mid_l2_max_f1_kfold_5
lr_40_full_stack_saga_l1_default_kfold_5,"Full-stack (advanced + quantile + bins + selector) + SMOTE -> SMOTEENN cleanup | L1 sparse (saga, C=2.0) | threshold=Default 0.5 | Stratified KFold (5) | vote=median",holdout_auc,6.8,full_stack,smote_clean,saga_l1,default,kfold_5,median,0.5,0.7939,0.4717,0.2733,0.8302,0.4112,0.7278,0.0533,0.6745,-0.08579999999999999,0.67909,0.52364,artifacts\lr_40_full_stack_saga_l1_default_kfold_5
lr_53_advanced_poly_balanced_l2_recall_guard_kfold_5,Advanced interactions + degree-2 poly + SMOTE -> SMOTEENN cleanup | L2 + class_weight balanced (C=0.5) | threshold=Recall floor 0.72 | Stratified KFold (5) | vote=median,production_precision_recall,6.7,advanced_poly,smote_clean,balanced_l2,recall_guard,kfold_5,median,0.385,0.7848,0.4915,0.2955,0.7358,0.4216,0.7255,0.0464,0.679,-0.09489999999999998,0.67584,0.49684,artifacts\lr_53_advanced_poly_balanced_l2_recall_guard_kfold_5
lr_34_advanced_poly_mid_l2_recall_guard_kfold_5,Advanced interactions + degree-2 poly + SMOTE -> SMOTEENN cleanup | L2 mid-C (C=1.5) | threshold=Recall floor 0.72 | Stratified KFold (5) | vote=median,production_precision_recall,6.8,advanced_poly,smote_clean,mid_l2,recall_guard,kfold_5,median,0.395,0.7813,0.483,0.2955,0.7358,0.4216,0.7236,0.0451,0.6785,-0.09840000000000004,0.6733899999999999,0.49684,artifacts\lr_34_advanced_poly_mid_l2_recall_guard_kfold_5
lr_35_advanced_poly_high_l2_max_f1_kfold_5,Advanced interactions + degree-2 poly + SMOTE -> SMOTEENN cleanup | L2 high-C (C=8.0) | threshold=Maximise F1 | Stratified KFold (5) | vote=median,holdout_auc,6.8,advanced_poly,smote_clean,high_l2,max_f1,kfold_5,median,0.495,0.7701,0.4783,0.3269,0.6415,0.4331,0.7169,0.0422,0.6747,-0.10960000000000003,0.6689999999999999,0.47398000000000007,artifacts\lr_35_advanced_poly_high_l2_max_f1_kfold_5
lr_22_advanced_poly_high_l2_recall_guard_kfold_5,Advanced interactions + degree-2 poly + SMOTE -> SMOTEENN cleanup | L2 high-C (C=8.0) | threshold=Recall floor 0.72 | Stratified KFold (5) | vote=median,production_precision_recall,6.9,advanced_poly,smote_clean,high_l2,recall_guard,kfold_5,median,0.435,0.7701,0.4783,0.3109,0.6981,0.4302,0.7169,0.0422,0.6747,-0.10960000000000003,0.6681299999999999,0.4896400000000001,artifacts\lr_22_advanced_poly_high_l2_recall_guard_kfold_5
lr_23_advanced_poly_saga_l1_max_f1_kfold_5,"Advanced interactions + degree-2 poly + SMOTE -> SMOTEENN cleanup | L1 sparse (saga, C=2.0) | threshold=Maximise F1 | Stratified KFold (5) | vote=median",holdout_auc,6.9,advanced_poly,smote_clean,saga_l1,max_f1,kfold_5,median,0.51,0.7543,0.4199,0.2774,0.717,0.4,0.6744,0.0706,0.6039,-0.12540000000000007,0.64801,0.47776,artifacts\lr_23_advanced_poly_saga_l1_max_f1_kfold_5
lr_15_advanced_poly_saga_l1_recall_guard_kfold_5,"Advanced interactions + degree-2 poly + SMOTE -> SMOTEENN cleanup | L1 sparse (saga, C=2.0) | threshold=Recall floor 0.72 | Stratified KFold (5) | vote=median",production_precision_recall,7.0,advanced_poly,smote_clean,saga_l1,recall_guard,kfold_5,median,0.5,0.7543,0.4199,0.2517,0.717,0.3725,0.6744,0.0706,0.6039,-0.12540000000000007,0.63976,0.46198,artifacts\lr_15_advanced_poly_saga_l1_recall_guard_kfold_5
lr_45_advanced_poly_saga_l1_recall_guard_kfold_5,"Advanced interactions + degree-2 poly + SMOTE -> SMOTEENN cleanup | L1 sparse (saga, C=2.0) | threshold=Recall floor 0.72 | Stratified KFold (5) | vote=mean",production_precision_recall,6.8,advanced_poly,smote_clean,saga_l1,recall_guard,kfold_5,mean,0.5,0.7543,0.4199,0.2517,0.717,0.3725,0.6744,0.0706,0.6039,-0.12540000000000007,0.63976,0.46198,artifacts\lr_45_advanced_poly_saga_l1_recall_guard_kfold_5
lr_38_advanced_poly_saga_l1_recall_guard_kfold_5,"Advanced interactions + degree-2 poly + SMOTE -> SMOTETomek | L1 sparse (saga, C=2.0) | threshold=Recall floor 0.72 | Stratified KFold (5) | vote=median",production_precision_recall,6.8,advanced_poly,smote_tomek,saga_l1,recall_guard,kfold_5,median,0.5,0.7623,0.4082,0.2081,0.8679,0.3358,0.6299,0.0873,0.5426,-0.11740000000000006,0.63435,0.49756,artifacts\lr_38_advanced_poly_saga_l1_recall_guard_kfold_5
lr_58_advanced_poly_saga_l1_max_f1_kfold_5,"Advanced interactions + degree-2 poly + SMOTE -> SMOTETomek | L1 sparse (saga, C=2.0) | threshold=Maximise F1 | Stratified KFold (5) | vote=median",holdout_auc,6.7,advanced_poly,smote_tomek,saga_l1,max_f1,kfold_5,median,0.5,0.7623,0.4082,0.2081,0.8679,0.3358,0.6299,0.0873,0.5426,-0.11740000000000006,0.63435,0.49756,artifacts\lr_58_advanced_poly_saga_l1_max_f1_kfold_5
lr_24_advanced_poly_saga_l1_recall_guard_kfold_5,"Advanced interactions + degree-2 poly + ADASYN -> BorderlineSMOTE | L1 sparse (saga, C=2.0) | threshold=Recall floor 0.72 | Stratified KFold (5) | vote=median",production_precision_recall,6.9,advanced_poly,adasyn_border,saga_l1,recall_guard,kfold_5,median,0.5,0.7346,0.361,0.2057,0.8113,0.3282,0.6365,0.0642,0.5723,-0.1451,0.61268,0.4724400000000001,artifacts\lr_24_advanced_poly_saga_l1_recall_guard_kfold_5
lr_37_advanced_poly_saga_l1_max_f1_kfold_5,"Advanced interactions + degree-2 poly + ADASYN -> BorderlineSMOTE | L1 sparse (saga, C=2.0) | threshold=Maximise F1 | Stratified KFold (5) | vote=median",holdout_auc,6.8,advanced_poly,adasyn_border,saga_l1,max_f1,kfold_5,median,0.5,0.7346,0.361,0.2057,0.8113,0.3282,0.6365,0.0642,0.5723,-0.1451,0.61268,0.4724400000000001,artifacts\lr_37_advanced_poly_saga_l1_max_f1_kfold_5
